{"intents": [
  {"tag": "greeting",
   "patterns": ["Halo", "Bagaimana Kabarmu", "Permisi","Hai","Hola", "Hello", "Pagi", "Siang"],
   "responses": ["Halo, ada yang bisa saya bantu?", "Halo, Senang bertemu denganmu", "Ada yang bisa saya bantu?"],
   "context": [""]
  },
  {"tag": "goodbye",
   "patterns": ["Bye", "Terima kasih, sampai jumpa!", "Terima kasih", "Sampai jumpa lagi", "Bye bye!"],
   "responses": ["Bye bye!", "Sampai jumpa lagi!", "Bye! Kembali lagi besok!"],
   "context": [""]
  },
  {"tag": "thanks",
   "patterns": ["Thanks", "Thank you", "Terima Kasih", "Wow, thanks", "Terima kasih atas bantuannya"],
   "responses": ["Tentu","Senang bisa membantu!","Terima Kasih Kembali!", "Any time!", "My pleasure"],
   "context": [""]
  },
  {"tag": "noanswer",
   "patterns": [],
   "responses": ["Maaf, bisa anda ulangi?", "Tolong berikan informasi lebih", "Pertanyaan anda kurang jelas"],
   "context": [""]
  },
  {"tag": "options",
   "patterns": ["Apa yang bisa kamu lakukan?", "Kamu bisa apa saja?", "Informasi apa saja yang anda sediakan?", "Kamu bisa apa?"],
   "responses": ["Saya bisa memberikan informasi mengenai Sejarah Objek Wisata, Kuliner dan Budaya Khas Yogjakarta"],
   "context": [""]
  },
  {"tag": "objek_wisata",
   "patterns": ["Objek Wisata apa saja yang ada di Jogja?", "Wisata apa saya yang tersedia?", "Tempat apa yang menarik di jogja?" ],
   "responses": ["Contoh wisata di jogja adalah Candi Ijo, Candi Prambanan, Ramayana ballet (Prambanan), Pantai Parangtritis, Keraton Jogja, Malioboro, Tugu Jogja, Taman sari, Pasar Beringharjo, Pantai Glagah, Pantai Nglambor, Candi Mendut, Goa Pindul, Candi Ijo, Monumen Jogja Kembali, Alun alun kidul, Gumuk pasir Parangkusumo, Gua Jomblang, Museum Affandi, Bukit watu gupit"],
   "context": [""]
  },
  {"tag": "objek_wisata_menarik",
   "patterns": ["Objek Wisata apa saja yang paling populer di Jogja?", "Perlihatkan wisata terpopuler di jogja?", "Tempat apa yang paling menarik di jogja?" ],
   "responses": ["Wisata terpopuler di jogja adalah Malioboro, Tugu Jogja, Keraton Jogja, Taman Sari dan Candi Prambanan"],
   "context": [""]
  },
    {"tag": "objek_wisata_pantai",
   "patterns": ["Pantai apa saja yang paling populer di Jogja?", "Perlihatkan pantai terpopuler di jogja?", "Pantai apa yang paling cantik di jogja?" ],
   "responses": ["Pantai terpopuler di jogja adalah pantai pulang sawal, pantai parangtritis, Pantai Indrayanti dan Tiga pantai yang biasa menjadi paket, pantai Baron, Krakal dan Kukup"],
   "context": [""]
  },
    {"tag": "objek_wisata_candi",
   "patterns": ["Candi apa saja yang paling populer di Jogja?", "Perlihatkan candi terpopuler di jogja?", "Candi apa saja yang ada di jogja?" ],
   "responses": ["Candi terpopuler di jogja adalah Candi Prambanan, Candi Ratu Boko, Candi Ijo, Candi Polosan dan Candi Kalasan"],
   "context": [""]
  },
  {"tag": "kuliner",
   "patterns": ["Makanan khas jogja?", "Makanan apa yang menarik di jogja?", "Makanan khas" ],
   "responses": ["Makanan Khas Jogja adalah Gudeg dan Sate Klatak"],
   "context": [""]
  },
  {"tag": "tempat_gudeg",
   "patterns": ["Dimana saya dapat memakan gudeg?","Rekomendasi tempat makan gudeg terbaik", "Rekomendasikan tempat makan gudeg"],
   "responses": ["Anda dapat makan gudeg di Gudeg Yu Djum Wijilan 167, Gudeg Pawon atau Gudeg Permata Bu Narti"],
   "context": [""]
  },
  {"tag": "tempat_sate",
   "patterns": ["Dimana saya dapat memakan Sate Klatak?","Rekomendasi tempat makan sate klatak terbaik", "Rekomendasikan tempat makan sate klatak"],
   "responses": ["Anda dapat makan Sate Klatak di Sate Klatak Pak Pong Pusat, Sate Klatak Pak JeDe Khas Jejeran atau Sate Klatak Pak Bari Pasar Wonokromo"],
   "context": [""]
  },
  {"tag": "ask_Karsa",
    "patterns": ["Kamu siapa?", "Siapa kamu?"],
    "responses": ["Aku Karsa, teman yang akan membantumu :)"],
    "context": [""]
  },
  {"tag": "missed",
    "patterns": ["Jawaban kamu ngaco", "Ah nggak nyambung jawabnya"],
    "responses": ["Maaf Karsa masih terus belajar, semoga pertanyaanmu selanjutnya terjawab ya.."],
    "context": [""]
  },
  {"tag": "ask_wisata_malam_jogja",
    "patterns": ["tempat wisata yang buka malam hari?"],
    "responses": [
        "Anda dapat mengunjungi wisata alun alun kidul untuk berwisata malam hari sambil menikmati udara malam kota Jogja dengan naik becak hias dengan tarif 25000 sampai 35000 aja.selain itu anda dapat mengunjungi wisata titik nol kilometere, ditempat ini terdapat sejumlah bangunan peninggalan Belanda yang dihiasi dengan lampu merkuri kekuningan yang memancarkan kesan romantis."],
    "context": [""]
  },
  {"tag": "ask_kuliner_malam",
    "patterns": ["kuliner malam yang terkenal di jogja apa?"],
    "responses": ["ada tempat kuliner terkenal di malam hari di kopi klothok Pakem, Kopi Joss Lik Man, Pasar jajanan murah yang ada di bantul"],
    "context": [""]
  },
  {"tag": "ask_wisata_alam",
    "patterns": ["destinasi wisata alam di jogja?", "tempat wisata nuansa alam di jogja"],
    "responses": ["wisata alam di jogja ada berbagai macam. Anda bisa mengunjungi kalibiru yang ada di kulonprogo, waduk sermo di kulon progo,bukit paralayang watugupit,bukit bintang di Gunung Kidul dengan menikmati jagung bakar, wisata jeep merapi"],
    "context": [""]
  },
  {"tag": "ask_kuliner_pagi_hari",
    "patterns": ["kuliner jogja pagi hari?", "tempat makan buat sarapan di jogja"],
    "responses": ["Nih tempat sarapan di jogja : Soto bathok mbak katro yang buka mulai pukul 6-4 sore, warung sego pecel Bu wiryo yang mulai buka jam 7 sampai malem lo, gudeg mbah lindu yang legendaris banget di dekat malioboro jam buka mulai dari jam setengah 6 pagi tapi jangan sampe telat ya karena cepat habis, lupis mbah satinem cocok untuk yang gak pengen sarapan berat mulai buka jam 6 pagi tapi jangan sampai kesiangan datang agar bisa merasakan lupisnya"],
    "context": [""]
  }
]
}
